,model_name,f1_score,precision_score,recall_score,accuracy_score,roc_auc_score,cross_val_result
0,LogisticRegression,0.5825825825825826,0.6598639455782312,0.521505376344086,0.8021352313167259,0.7123499776202521,0.592714867392979
1,DecisionTreeClassifier,0.5193075898801598,0.5145118733509235,0.5241935483870968,0.7430604982206406,0.6730357867782532,0.48952316101091947
2,KNeighborsClassifier,0.4954682779456193,0.5655172413793104,0.44086021505376344,0.7622775800711744,0.6594426922316252,0.5245702219783754
